{
	"info": {
		"_postman_id": "99b188fb-4c82-406e-bc98-6b72f3cc9847",
		"name": "Harmonize space",
		"schema": "https://schema.getpostman.com/json/collection/v2.1.0/collection.json"
	},
	"item": [
		{
			"name": "Upload Files",
			"request": {
				"method": "PUT",
				"header": [
					{
						"key": "Authorization",
						"value": "{{auth_token}}",
						"type": "text"
					},
					{
						"key": "x-file-name",
						"value": "new file",
						"type": "text"
					},
					{
						"key": "x-parent-id",
						"value": "61acc08a1c3a6bb569adeb39",
						"type": "text"
					}
				],
				"body": {
					"mode": "formdata",
					"formdata": [
						{
							"key": "file",
							"type": "file",
							"src": "/D:/temp Files/13000118046.jpg"
						}
					]
				},
				"url": {
					"raw": "{{base_url}}/files/upload",
					"host": [
						"{{base_url}}"
					],
					"path": [
						"files",
						"upload"
					]
				}
			},
			"response": [
				{
					"name": "Upload Files",
					"originalRequest": {
						"method": "PUT",
						"header": [
							{
								"key": "Authorization",
								"value": "{{auth_token}}",
								"type": "text"
							},
							{
								"key": "x-file-name",
								"value": "new file",
								"type": "text"
							},
							{
								"key": "x-parent-id",
								"value": "61acc08a1c3a6bb569adeb39",
								"type": "text"
							}
						],
						"body": {
							"mode": "formdata",
							"formdata": [
								{
									"key": "file",
									"type": "file",
									"src": "/D:/temp Files/13000118046.jpg"
								}
							]
						},
						"url": {
							"raw": "{{base_url}}/files/upload",
							"host": [
								"{{base_url}}"
							],
							"path": [
								"files",
								"upload"
							]
						}
					},
					"status": "OK",
					"code": 200,
					"_postman_previewlanguage": "json",
					"header": [
						{
							"key": "X-Powered-By",
							"value": "Express"
						},
						{
							"key": "Content-Type",
							"value": "application/json; charset=utf-8"
						},
						{
							"key": "Content-Length",
							"value": "406"
						},
						{
							"key": "ETag",
							"value": "W/\"196-cTeMTS1Xcjz5Jm9OrQrrDUJvMGM\""
						},
						{
							"key": "Date",
							"value": "Mon, 06 Dec 2021 07:27:47 GMT"
						},
						{
							"key": "Connection",
							"value": "keep-alive"
						},
						{
							"key": "Keep-Alive",
							"value": "timeout=5"
						}
					],
					"cookie": [],
					"body": "{\n    \"file\": {\n        \"name\": \"new file\",\n        \"status\": \"ACTIVE\",\n        \"userId\": \"619bdad4b577548967aae4bf\",\n        \"ancestorsId\": [\n            \"61acbe72dd8e161f5e7229fb\",\n            \"61acbf7f3833137c53f58b1f\",\n            \"61acc08a1c3a6bb569adeb39\"\n        ],\n        \"parentId\": \"61acc08a1c3a6bb569adeb39\",\n        \"size\": 0,\n        \"driveId\": \"15RkSbSeftSW_p699iqSE309DvvVvmxDf\",\n        \"hidden\": false,\n        \"_id\": \"61adbb736c732ddbc69abd33\",\n        \"createdAt\": \"2021-12-06T07:27:47.335Z\",\n        \"updatedAt\": \"2021-12-06T07:27:47.335Z\",\n        \"__v\": 0\n    }\n}"
				}
			]
		},
		{
			"name": "Update Files",
			"request": {
				"method": "PUT",
				"header": [
					{
						"key": "Authorization",
						"value": "{{auth_token}}",
						"type": "text"
					},
					{
						"key": "x-file-id",
						"value": "61adbb736c732ddbc69abd33",
						"type": "text"
					},
					{
						"key": "x-parent-id",
						"value": "61adbb736c732ddbc69abd33",
						"type": "text",
						"disabled": true
					}
				],
				"body": {
					"mode": "formdata",
					"formdata": [
						{
							"key": "file",
							"type": "file",
							"src": "/D:/temp Files/Canon certificate 5.jpg"
						}
					]
				},
				"url": {
					"raw": "{{base_url}}/files/update",
					"host": [
						"{{base_url}}"
					],
					"path": [
						"files",
						"update"
					]
				}
			},
			"response": [
				{
					"name": "Update Files",
					"originalRequest": {
						"method": "PUT",
						"header": [
							{
								"key": "Authorization",
								"value": "{{auth_token}}",
								"type": "text"
							},
							{
								"key": "x-file-id",
								"value": "61adbb736c732ddbc69abd33",
								"type": "text"
							},
							{
								"key": "x-parent-id",
								"value": "61adbb736c732ddbc69abd33",
								"type": "text",
								"disabled": true
							}
						],
						"body": {
							"mode": "formdata",
							"formdata": [
								{
									"key": "file",
									"type": "file",
									"src": "/D:/temp Files/Canon certificate 5.jpg"
								}
							]
						},
						"url": {
							"raw": "{{base_url}}/files/update",
							"host": [
								"{{base_url}}"
							],
							"path": [
								"files",
								"update"
							]
						}
					},
					"status": "OK",
					"code": 200,
					"_postman_previewlanguage": "json",
					"header": [
						{
							"key": "X-Powered-By",
							"value": "Express"
						},
						{
							"key": "Content-Type",
							"value": "application/json; charset=utf-8"
						},
						{
							"key": "Content-Length",
							"value": "817"
						},
						{
							"key": "ETag",
							"value": "W/\"331-TinULSM0IbU5/QGXGrAdywfnV5Y\""
						},
						{
							"key": "Date",
							"value": "Mon, 06 Dec 2021 08:35:06 GMT"
						},
						{
							"key": "Connection",
							"value": "keep-alive"
						},
						{
							"key": "Keep-Alive",
							"value": "timeout=5"
						}
					],
					"cookie": [],
					"body": "{\n    \"file\": {\n        \"_id\": \"61adbb736c732ddbc69abd33\",\n        \"name\": \"new file\",\n        \"status\": \"ACTIVE\",\n        \"userId\": \"619bdad4b577548967aae4bf\",\n        \"ancestorsId\": [\n            \"61acbe72dd8e161f5e7229fb\",\n            \"61acbf7f3833137c53f58b1f\",\n            \"61acc08a1c3a6bb569adeb39\"\n        ],\n        \"parentId\": \"61acc08a1c3a6bb569adeb39\",\n        \"size\": 0,\n        \"driveId\": \"15RkSbSeftSW_p699iqSE309DvvVvmxDf\",\n        \"hidden\": false,\n        \"createdAt\": \"2021-12-06T07:27:47.335Z\",\n        \"updatedAt\": \"2021-12-06T08:35:06.389Z\",\n        \"__v\": 0,\n        \"type\": \"File\",\n        \"url\": \"https://drive.google.com/file/d/15RkSbSeftSW_p699iqSE309DvvVvmxDf/view?usp=drivesdk\",\n        \"downloadUrl\": \"https://drive.google.com/uc?id=15RkSbSeftSW_p699iqSE309DvvVvmxDf&export=download\",\n        \"icon\": \"https://drive-thirdparty.googleusercontent.com/16/type/image/jpeg\",\n        \"thumbnail\": \"https://lh3.googleusercontent.com/_ZrYm1PchLRnrzDWUP3Vz4_kry0K45TXgnDixW3aODYHtuAvCfThS94fmi6_-r8YQbZydJo0m4sRbkM=s220\"\n    }\n}"
				}
			]
		}
	]
}