{
  "v": "4.8.0",
  "meta": { "g": "LottieFiles AE ", "a": "", "k": "", "d": "", "tc": "" },
  "fr": 30,
  "ip": 0,
  "op": 150,
  "w": 500,
  "h": 500,
  "nm": "11 - Folder",
  "ddd": 0,
  "assets": [],
  "layers": [
    {
      "ddd": 0,
      "ind": 2,
      "ty": 4,
      "nm": "Text Up",
      "parent": 7,
      "sr": 1,
      "ks": {
        "o": { "a": 0, "k": 100, "ix": 11 },
        "r": { "a": 0, "k": 0, "ix": 10 },
        "p": { "a": 0, "k": [76.81, 44.001, 0], "ix": 2 },
        "a": { "a": 0, "k": [40.71, 5.469, 0], "ix": 1 },
        "s": { "a": 0, "k": [100, 100, 100], "ix": 6 }
      },
      "ao": 0,
      "shapes": [
        {
          "ty": "gr",
          "it": [
            {
              "ind": 0,
              "ty": "sh",
              "ix": 1,
              "ks": {
                "a": 0,
                "k": {
                  "i": [
                    [0, 0],
                    [0, 0]
                  ],
                  "o": [
                    [0, 0],
                    [0, 0]
                  ],
                  "v": [
                    [75.951, 5.469],
                    [5.469, 5.469]
                  ],
                  "c": false
                },
                "ix": 2
              },
              "nm": "Path 1",
              "mn": "ADBE Vector Shape - Group",
              "hd": false
            },
            {
              "ty": "st",
              "c": {
                "a": 0,
                "k": [0.372549019608, 0.400000029919, 0.458823559331, 1],
                "ix": 3,
                "x": "var $bm_rt;\ntry {\n    $bm_rt = thisComp.layer('Controller').effect('Color')('ADBE Color Control-0001');\n} catch (e) {\n    $bm_rt = value;\n}"
              },
              "o": { "a": 0, "k": 100, "ix": 4 },
              "w": { "a": 0, "k": 10.938, "ix": 5 },
              "lc": 1,
              "lj": 2,
              "bm": 0,
              "nm": "Stroke 1",
              "mn": "ADBE Vector Graphic - Stroke",
              "hd": false
            },
            {
              "ty": "tr",
              "p": { "a": 0, "k": [0, 0], "ix": 2 },
              "a": { "a": 0, "k": [0, 0], "ix": 1 },
              "s": { "a": 0, "k": [100, 100], "ix": 3 },
              "r": { "a": 0, "k": 0, "ix": 6 },
              "o": { "a": 0, "k": 100, "ix": 7 },
              "sk": { "a": 0, "k": 0, "ix": 4 },
              "sa": { "a": 0, "k": 0, "ix": 5 },
              "nm": "Transform"
            }
          ],
          "nm": "Group 1",
          "np": 2,
          "cix": 2,
          "bm": 0,
          "ix": 1,
          "mn": "ADBE Vector Group",
          "hd": false
        },
        {
          "ty": "tm",
          "s": {
            "a": 1,
            "k": [
              {
                "i": { "x": [0.2], "y": [1] },
                "o": { "x": [0.8], "y": [0] },
                "t": 13.433,
                "s": [0]
              },
              {
                "i": { "x": [0.2], "y": [1] },
                "o": { "x": [0.8], "y": [0] },
                "t": 35.821,
                "s": [80]
              },
              {
                "i": { "x": [0.2], "y": [1] },
                "o": { "x": [0.8], "y": [0] },
                "t": 58.209,
                "s": [0]
              },
              {
                "i": { "x": [0.2], "y": [1] },
                "o": { "x": [0.8], "y": [0] },
                "t": 64.926,
                "s": [0]
              },
              {
                "i": { "x": [0.2], "y": [1] },
                "o": { "x": [0.8], "y": [0] },
                "t": 87.313,
                "s": [50]
              },
              {
                "i": { "x": [0.8], "y": [1] },
                "o": { "x": [0.8], "y": [0] },
                "t": 109.701,
                "s": [0]
              },
              {
                "i": { "x": [0.8], "y": [1] },
                "o": { "x": [0.2], "y": [0] },
                "t": 123.135,
                "s": [30]
              },
              { "t": 139.92578125, "s": [0] }
            ],
            "ix": 1
          },
          "e": { "a": 0, "k": 100, "ix": 2 },
          "o": { "a": 0, "k": 0, "ix": 3 },
          "m": 1,
          "ix": 2,
          "nm": "Trim Paths 1",
          "mn": "ADBE Vector Filter - Trim",
          "hd": false
        }
      ],
      "ip": 0,
      "op": 150,
      "st": 0,
      "bm": 0
    },
    {
      "ddd": 0,
      "ind": 3,
      "ty": 4,
      "nm": "Text Down",
      "parent": 7,
      "sr": 1,
      "ks": {
        "o": { "a": 0, "k": 100, "ix": 11 },
        "r": { "a": 0, "k": 0, "ix": 10 },
        "p": { "a": 0, "k": [258.799, 261.375, 0], "ix": 2 },
        "a": { "a": 0, "k": [333.549, 352.53, 0], "ix": 1 },
        "s": { "a": 0, "k": [100, 100, 100], "ix": 6 }
      },
      "ao": 0,
      "shapes": [
        {
          "ty": "gr",
          "it": [
            {
              "ty": "gr",
              "it": [
                {
                  "ind": 0,
                  "ty": "sh",
                  "ix": 1,
                  "ks": {
                    "a": 0,
                    "k": {
                      "i": [
                        [0, 0],
                        [0, 0]
                      ],
                      "o": [
                        [0, 0],
                        [0, 0]
                      ],
                      "v": [
                        [72.917, 5.469],
                        [5.469, 5.469]
                      ],
                      "c": false
                    },
                    "ix": 2
                  },
                  "nm": "Path 1",
                  "mn": "ADBE Vector Shape - Group",
                  "hd": false
                },
                {
                  "ty": "st",
                  "c": {
                    "a": 0,
                    "k": [0.372549019608, 0.400000029919, 0.458823559331, 1],
                    "ix": 3,
                    "x": "var $bm_rt;\ntry {\n    $bm_rt = thisComp.layer('Controller')('Effects')('Color')('ADBE Color Control-0001');\n} catch (e) {\n    $bm_rt = value;\n}"
                  },
                  "o": { "a": 0, "k": 100, "ix": 4 },
                  "w": { "a": 0, "k": 10.938, "ix": 5 },
                  "lc": 1,
                  "lj": 2,
                  "bm": 0,
                  "nm": "Stroke 1",
                  "mn": "ADBE Vector Graphic - Stroke",
                  "hd": false
                },
                {
                  "ty": "tr",
                  "p": { "a": 0, "k": [0, 0], "ix": 2 },
                  "a": { "a": 0, "k": [0, 0], "ix": 1 },
                  "s": { "a": 0, "k": [100, 100], "ix": 3 },
                  "r": { "a": 0, "k": 0, "ix": 6 },
                  "o": { "a": 0, "k": 100, "ix": 7 },
                  "sk": { "a": 0, "k": 0, "ix": 4 },
                  "sa": { "a": 0, "k": 0, "ix": 5 },
                  "nm": "Transform"
                }
              ],
              "nm": "Group 1",
              "np": 2,
              "cix": 2,
              "bm": 0,
              "ix": 1,
              "mn": "ADBE Vector Group",
              "hd": false
            },
            {
              "ty": "tr",
              "p": { "a": 0, "k": [349.957, 336.122], "ix": 2 },
              "a": { "a": 0, "k": [39.193, 5.469], "ix": 1 },
              "s": { "a": 0, "k": [100, 100], "ix": 3 },
              "r": { "a": 0, "k": 0, "ix": 6 },
              "o": { "a": 0, "k": 100, "ix": 7 },
              "sk": { "a": 0, "k": 0, "ix": 4 },
              "sa": { "a": 0, "k": 0, "ix": 5 },
              "nm": "Transform"
            }
          ],
          "nm": "Layer 2",
          "np": 1,
          "cix": 2,
          "bm": 0,
          "ix": 1,
          "mn": "ADBE Vector Group",
          "hd": false
        },
        {
          "ty": "gr",
          "it": [
            {
              "ty": "gr",
              "it": [
                {
                  "ind": 0,
                  "ty": "sh",
                  "ix": 1,
                  "ks": {
                    "a": 0,
                    "k": {
                      "i": [
                        [0, 0],
                        [0, 0]
                      ],
                      "o": [
                        [0, 0],
                        [0, 0]
                      ],
                      "v": [
                        [105.732, 5.469],
                        [5.469, 5.469]
                      ],
                      "c": false
                    },
                    "ix": 2
                  },
                  "nm": "Path 1",
                  "mn": "ADBE Vector Shape - Group",
                  "hd": false
                },
                {
                  "ty": "st",
                  "c": {
                    "a": 0,
                    "k": [0.372549019608, 0.400000029919, 0.458823559331, 1],
                    "ix": 3,
                    "x": "var $bm_rt;\ntry {\n    $bm_rt = thisComp.layer('Controller')('Effects')('Color')('ADBE Color Control-0001');\n} catch (e) {\n    $bm_rt = value;\n}"
                  },
                  "o": { "a": 0, "k": 100, "ix": 4 },
                  "w": { "a": 0, "k": 10.938, "ix": 5 },
                  "lc": 1,
                  "lj": 2,
                  "bm": 0,
                  "nm": "Stroke 1",
                  "mn": "ADBE Vector Graphic - Stroke",
                  "hd": false
                },
                {
                  "ty": "tr",
                  "p": { "a": 0, "k": [0, 0], "ix": 2 },
                  "a": { "a": 0, "k": [0, 0], "ix": 1 },
                  "s": { "a": 0, "k": [100, 100], "ix": 3 },
                  "r": { "a": 0, "k": 0, "ix": 6 },
                  "o": { "a": 0, "k": 100, "ix": 7 },
                  "sk": { "a": 0, "k": 0, "ix": 4 },
                  "sa": { "a": 0, "k": 0, "ix": 5 },
                  "nm": "Transform"
                }
              ],
              "nm": "Group 1",
              "np": 2,
              "cix": 2,
              "bm": 0,
              "ix": 1,
              "mn": "ADBE Vector Group",
              "hd": false
            },
            {
              "ty": "tr",
              "p": { "a": 0, "k": [333.549, 368.938], "ix": 2 },
              "a": { "a": 0, "k": [55.601, 5.469], "ix": 1 },
              "s": { "a": 0, "k": [100, 100], "ix": 3 },
              "r": { "a": 0, "k": 0, "ix": 6 },
              "o": { "a": 0, "k": 100, "ix": 7 },
              "sk": { "a": 0, "k": 0, "ix": 4 },
              "sa": { "a": 0, "k": 0, "ix": 5 },
              "nm": "Transform"
            }
          ],
          "nm": "Layer 4",
          "np": 1,
          "cix": 2,
          "bm": 0,
          "ix": 2,
          "mn": "ADBE Vector Group",
          "hd": false
        },
        {
          "ty": "tm",
          "s": { "a": 0, "k": 0, "ix": 1 },
          "e": {
            "a": 1,
            "k": [
              {
                "i": { "x": [0.2], "y": [1] },
                "o": { "x": [0.8], "y": [0] },
                "t": 10.074,
                "s": [100]
              },
              {
                "i": { "x": [0.2], "y": [1] },
                "o": { "x": [0.8], "y": [0] },
                "t": 32.463,
                "s": [20]
              },
              {
                "i": { "x": [0.2], "y": [1] },
                "o": { "x": [0.8], "y": [0] },
                "t": 54.851,
                "s": [100]
              },
              {
                "i": { "x": [0.2], "y": [1] },
                "o": { "x": [0.8], "y": [0] },
                "t": 61.567,
                "s": [100]
              },
              {
                "i": { "x": [0.2], "y": [1] },
                "o": { "x": [0.8], "y": [0] },
                "t": 83.955,
                "s": [50]
              },
              {
                "i": { "x": [0.8], "y": [1] },
                "o": { "x": [0.8], "y": [0] },
                "t": 106.344,
                "s": [100]
              },
              {
                "i": { "x": [0.8], "y": [1] },
                "o": { "x": [0.2], "y": [0] },
                "t": 120.896,
                "s": [100]
              },
              {
                "i": { "x": [0.8], "y": [1] },
                "o": { "x": [0.2], "y": [0] },
                "t": 135.448,
                "s": [70]
              },
              { "t": 150, "s": [100] }
            ],
            "ix": 2
          },
          "o": { "a": 0, "k": 0, "ix": 3 },
          "m": 1,
          "ix": 3,
          "nm": "Trim Paths 1",
          "mn": "ADBE Vector Filter - Trim",
          "hd": false
        }
      ],
      "ip": 0,
      "op": 150,
      "st": 26,
      "bm": 0
    },
    {
      "ddd": 0,
      "ind": 4,
      "ty": 4,
      "nm": "Folder Front",
      "parent": 7,
      "sr": 1,
      "ks": {
        "o": { "a": 0, "k": 100, "ix": 11 },
        "r": { "a": 0, "k": 0, "ix": 10 },
        "p": { "a": 0, "k": [175.25, 231.532, 0], "ix": 2 },
        "a": { "a": 0, "k": [175.25, 86.158, 0], "ix": 1 },
        "s": { "a": 0, "k": [100, 100, 100], "ix": 6 }
      },
      "ao": 0,
      "shapes": [
        {
          "ty": "gr",
          "it": [
            {
              "ind": 0,
              "ty": "sh",
              "ix": 1,
              "ks": {
                "a": 1,
                "k": [
                  {
                    "i": { "x": 0.5, "y": 1 },
                    "o": { "x": 0.5, "y": 0 },
                    "t": 0,
                    "s": [
                      {
                        "i": [
                          [0, 0],
                          [0, 0],
                          [0, 0],
                          [0, 0],
                          [0, 0],
                          [0, 0],
                          [-9.061, 0],
                          [0, 0],
                          [0, 9.061],
                          [0, 0]
                        ],
                        "o": [
                          [0, 0],
                          [0, 0],
                          [0, 0],
                          [0, 0],
                          [0, 0],
                          [0, 9.061],
                          [0, 0],
                          [9.061, 0],
                          [0, 0],
                          [0, 0]
                        ],
                        "v": [
                          [70.166, -85.908],
                          [48.289, -42.156],
                          [-50.144, -42.156],
                          [-72.021, -85.908],
                          [-175, -85.908],
                          [-175, 69.501],
                          [-158.593, 85.908],
                          [158.594, 85.908],
                          [175, 69.501],
                          [175, -85.908]
                        ],
                        "c": true
                      }
                    ]
                  },
                  {
                    "i": { "x": 0.5, "y": 1 },
                    "o": { "x": 0.5, "y": 0 },
                    "t": 22.388,
                    "s": [
                      {
                        "i": [
                          [0, 0],
                          [0, 0],
                          [0, 0],
                          [0, 0],
                          [0, 0],
                          [0, 0],
                          [-9.061, 0],
                          [0, 0],
                          [0, 9.061],
                          [0, 0]
                        ],
                        "o": [
                          [0, 0],
                          [0, 0],
                          [0, 0],
                          [0, 0],
                          [0, 0],
                          [0, 9.061],
                          [0, 0],
                          [9.061, 0],
                          [0, 0],
                          [0, 0]
                        ],
                        "v": [
                          [69.895, -52.908],
                          [48.018, -9.156],
                          [-50.415, -9.156],
                          [-72.292, -52.908],
                          [-175.271, -52.908],
                          [-175, 69.502],
                          [-158.593, 85.908],
                          [158.594, 85.908],
                          [175, 69.502],
                          [174.729, -52.908]
                        ],
                        "c": true
                      }
                    ]
                  },
                  {
                    "i": { "x": 0.5, "y": 1 },
                    "o": { "x": 0.5, "y": 0 },
                    "t": 35.821,
                    "s": [
                      {
                        "i": [
                          [0, 0],
                          [0, 0],
                          [0, 0],
                          [0, 0],
                          [0, 0],
                          [0, 0],
                          [-9.061, 0],
                          [0, 0],
                          [0, 9.061],
                          [0, 0]
                        ],
                        "o": [
                          [0, 0],
                          [0, 0],
                          [0, 0],
                          [0, 0],
                          [0, 0],
                          [0, 9.061],
                          [0, 0],
                          [9.061, 0],
                          [0, 0],
                          [0, 0]
                        ],
                        "v": [
                          [69.895, -52.908],
                          [48.018, -9.156],
                          [-50.415, -9.156],
                          [-72.292, -52.908],
                          [-175.271, -52.908],
                          [-175, 69.502],
                          [-158.593, 85.908],
                          [158.594, 85.908],
                          [175, 69.502],
                          [174.729, -52.908]
                        ],
                        "c": true
                      }
                    ]
                  },
                  {
                    "i": { "x": 0.5, "y": 1 },
                    "o": { "x": 0.5, "y": 0 },
                    "t": 58.209,
                    "s": [
                      {
                        "i": [
                          [0, 0],
                          [0, 0],
                          [0, 0],
                          [0, 0],
                          [0, 0],
                          [0, 0],
                          [-9.061, 0],
                          [0, 0],
                          [0, 9.061],
                          [0, 0]
                        ],
                        "o": [
                          [0, 0],
                          [0, 0],
                          [0, 0],
                          [0, 0],
                          [0, 0],
                          [0, 9.061],
                          [0, 0],
                          [9.061, 0],
                          [0, 0],
                          [0, 0]
                        ],
                        "v": [
                          [69.83, -148.658],
                          [47.953, -104.906],
                          [-50.48, -104.906],
                          [-72.357, -148.658],
                          [-175.336, -148.658],
                          [-175, 69.502],
                          [-158.593, 85.908],
                          [158.594, 85.908],
                          [175, 69.502],
                          [174.664, -148.658]
                        ],
                        "c": true
                      }
                    ]
                  },
                  {
                    "i": { "x": 0.5, "y": 1 },
                    "o": { "x": 0.5, "y": 0 },
                    "t": 80.597,
                    "s": [
                      {
                        "i": [
                          [0, 0],
                          [0, 0],
                          [0, 0],
                          [0, 0],
                          [0, 0],
                          [0, 0],
                          [-9.061, 0],
                          [0, 0],
                          [0, 9.061],
                          [0, 0]
                        ],
                        "o": [
                          [0, 0],
                          [0, 0],
                          [0, 0],
                          [0, 0],
                          [0, 0],
                          [0, 9.061],
                          [0, 0],
                          [9.061, 0],
                          [0, 0],
                          [0, 0]
                        ],
                        "v": [
                          [69.895, -52.908],
                          [48.018, -9.156],
                          [-50.415, -9.156],
                          [-72.292, -52.908],
                          [-175.271, -52.908],
                          [-175, 69.502],
                          [-158.593, 85.908],
                          [158.594, 85.908],
                          [175, 69.502],
                          [174.729, -52.908]
                        ],
                        "c": true
                      }
                    ]
                  },
                  {
                    "i": { "x": 0.5, "y": 1 },
                    "o": { "x": 0.5, "y": 0 },
                    "t": 87.313,
                    "s": [
                      {
                        "i": [
                          [0, 0],
                          [0, 0],
                          [0, 0],
                          [0, 0],
                          [0, 0],
                          [0, 0],
                          [-9.061, 0],
                          [0, 0],
                          [0, 9.061],
                          [0, 0]
                        ],
                        "o": [
                          [0, 0],
                          [0, 0],
                          [0, 0],
                          [0, 0],
                          [0, 0],
                          [0, 9.061],
                          [0, 0],
                          [9.061, 0],
                          [0, 0],
                          [0, 0]
                        ],
                        "v": [
                          [69.895, -52.908],
                          [48.018, -9.156],
                          [-50.415, -9.156],
                          [-72.292, -52.908],
                          [-175.271, -52.908],
                          [-175, 69.502],
                          [-158.593, 85.908],
                          [158.594, 85.908],
                          [175, 69.502],
                          [174.729, -52.908]
                        ],
                        "c": true
                      }
                    ]
                  },
                  {
                    "t": 109.701171875,
                    "s": [
                      {
                        "i": [
                          [0, 0],
                          [0, 0],
                          [0, 0],
                          [0, 0],
                          [0, 0],
                          [0, 0],
                          [-9.061, 0],
                          [0, 0],
                          [0, 9.061],
                          [0, 0]
                        ],
                        "o": [
                          [0, 0],
                          [0, 0],
                          [0, 0],
                          [0, 0],
                          [0, 0],
                          [0, 9.061],
                          [0, 0],
                          [9.061, 0],
                          [0, 0],
                          [0, 0]
                        ],
                        "v": [
                          [70.166, -85.908],
                          [48.289, -42.156],
                          [-50.144, -42.156],
                          [-72.021, -85.908],
                          [-175, -85.908],
                          [-175, 69.501],
                          [-158.593, 85.908],
                          [158.594, 85.908],
                          [175, 69.501],
                          [175, -85.908]
                        ],
                        "c": true
                      }
                    ]
                  }
                ],
                "ix": 2
              },
              "nm": "Path 1",
              "mn": "ADBE Vector Shape - Group",
              "hd": false
            },
            {
              "ty": "fl",
              "c": {
                "a": 0,
                "k": [0.968627510819, 0.741176470588, 0.329411764706, 1],
                "ix": 4,
                "x": "var $bm_rt;\ntry {\n    $bm_rt = thisComp.layer('Controller').effect('Color 2')('ADBE Color Control-0001');\n} catch (e) {\n    $bm_rt = value;\n}"
              },
              "o": { "a": 0, "k": 100, "ix": 5 },
              "r": 1,
              "bm": 0,
              "nm": "Fill 1",
              "mn": "ADBE Vector Graphic - Fill",
              "hd": false
            },
            {
              "ty": "tr",
              "p": { "a": 0, "k": [175.25, 86.158], "ix": 2 },
              "a": { "a": 0, "k": [0, 0], "ix": 1 },
              "s": { "a": 0, "k": [100, 100], "ix": 3 },
              "r": { "a": 0, "k": 0, "ix": 6 },
              "o": { "a": 0, "k": 100, "ix": 7 },
              "sk": { "a": 0, "k": 0, "ix": 4 },
              "sa": { "a": 0, "k": 0, "ix": 5 },
              "nm": "Transform"
            }
          ],
          "nm": "Group 1",
          "np": 2,
          "cix": 2,
          "bm": 0,
          "ix": 1,
          "mn": "ADBE Vector Group",
          "hd": false
        }
      ],
      "ip": 0,
      "op": 150,
      "st": 0,
      "bm": 0
    },
    {
      "ddd": 0,
      "ind": 5,
      "ty": 4,
      "nm": "Paper 1",
      "parent": 7,
      "sr": 1,
      "ks": {
        "o": { "a": 0, "k": 100, "ix": 11 },
        "r": { "a": 0, "k": 0, "ix": 10 },
        "p": {
          "a": 1,
          "k": [
            {
              "i": { "x": 0.5, "y": 1 },
              "o": { "x": 0.5, "y": 0 },
              "t": 106,
              "s": [186.189, 246.797, 0],
              "to": [-0.833, 0, 0],
              "ti": [-0.833, 0, 0]
            },
            {
              "i": { "x": 0.5, "y": 1 },
              "o": { "x": 0.5, "y": 0 },
              "t": 121,
              "s": [181.189, 246.797, 0],
              "to": [0.833, 0, 0],
              "ti": [-0.833, 0, 0]
            },
            {
              "i": { "x": 0.5, "y": 1 },
              "o": { "x": 0.5, "y": 0 },
              "t": 136,
              "s": [191.189, 246.797, 0],
              "to": [0.833, 0, 0],
              "ti": [0.833, 0, 0]
            },
            { "t": 150, "s": [186.189, 246.797, 0] }
          ],
          "ix": 2
        },
        "a": { "a": 0, "k": [133.931, 141.413, 0], "ix": 1 },
        "s": {
          "a": 1,
          "k": [
            {
              "i": { "x": [0.5, 0.5, 0.5], "y": [1, 1, 1] },
              "o": { "x": [0.5, 0.5, 0.5], "y": [0, 0, 0] },
              "t": 3.358,
              "s": [100, 100, 100]
            },
            {
              "i": { "x": [0.5, 0.5, 0.5], "y": [1, 1, 1] },
              "o": { "x": [0.5, 0.5, 0.5], "y": [0, 0, 0] },
              "t": 25.746,
              "s": [100, 48, 100]
            },
            {
              "i": { "x": [0.5, 0.5, 0.5], "y": [1, 1, 1] },
              "o": { "x": [0.5, 0.5, 0.5], "y": [0, 0, 0] },
              "t": 32.463,
              "s": [100, 48, 100]
            },
            {
              "i": { "x": [0.5, 0.5, 0.5], "y": [1, 1, 1] },
              "o": { "x": [0.5, 0.5, 0.5], "y": [0, 0, 0] },
              "t": 54.851,
              "s": [100, 116, 100]
            },
            {
              "i": { "x": [0.5, 0.5, 0.5], "y": [1, 1, 1] },
              "o": { "x": [0.5, 0.5, 0.5], "y": [0, 0, 0] },
              "t": 61.567,
              "s": [100, 116, 100]
            },
            {
              "i": { "x": [0.5, 0.5, 0.5], "y": [1, 1, 1] },
              "o": { "x": [0.5, 0.5, 0.5], "y": [0, 0, 0] },
              "t": 83.955,
              "s": [100, 82, 100]
            },
            { "t": 106.34375, "s": [100, 100, 100] }
          ],
          "ix": 6
        }
      },
      "ao": 0,
      "shapes": [
        {
          "ty": "gr",
          "it": [
            {
              "ind": 0,
              "ty": "sh",
              "ix": 1,
              "ks": {
                "a": 0,
                "k": {
                  "i": [
                    [0, 0],
                    [0, 0],
                    [0, 0],
                    [0, 0]
                  ],
                  "o": [
                    [0, 0],
                    [0, 0],
                    [0, 0],
                    [0, 0]
                  ],
                  "v": [
                    [133.681, 70.581],
                    [-133.681, 70.581],
                    [-133.681, -70.581],
                    [133.681, -70.581]
                  ],
                  "c": true
                },
                "ix": 2
              },
              "nm": "Path 1",
              "mn": "ADBE Vector Shape - Group",
              "hd": false
            },
            {
              "ty": "fl",
              "c": {
                "a": 0,
                "k": [0.921568687289, 0.921568687289, 0.921568687289, 1],
                "ix": 4,
                "x": "var $bm_rt;\ntry {\n    $bm_rt = thisComp.layer('Controller').effect('Color 3')('ADBE Color Control-0001');\n} catch (e) {\n    $bm_rt = value;\n}"
              },
              "o": { "a": 0, "k": 100, "ix": 5 },
              "r": 1,
              "bm": 0,
              "nm": "Fill 1",
              "mn": "ADBE Vector Graphic - Fill",
              "hd": false
            },
            {
              "ty": "tr",
              "p": { "a": 0, "k": [133.931, 70.831], "ix": 2 },
              "a": { "a": 0, "k": [0, 0], "ix": 1 },
              "s": { "a": 0, "k": [100, 100], "ix": 3 },
              "r": { "a": 0, "k": 0, "ix": 6 },
              "o": { "a": 0, "k": 100, "ix": 7 },
              "sk": { "a": 0, "k": 0, "ix": 4 },
              "sa": { "a": 0, "k": 0, "ix": 5 },
              "nm": "Transform"
            }
          ],
          "nm": "Group 1",
          "np": 2,
          "cix": 2,
          "bm": 0,
          "ix": 1,
          "mn": "ADBE Vector Group",
          "hd": false
        }
      ],
      "ip": 0,
      "op": 150,
      "st": 0,
      "bm": 0
    },
    {
      "ddd": 0,
      "ind": 6,
      "ty": 4,
      "nm": "Paper 2",
      "parent": 7,
      "sr": 1,
      "ks": {
        "o": { "a": 0, "k": 100, "ix": 11 },
        "r": { "a": 0, "k": 0, "ix": 10 },
        "p": {
          "a": 1,
          "k": [
            {
              "i": { "x": 0.5, "y": 1 },
              "o": { "x": 0.5, "y": 0 },
              "t": 106,
              "s": [164.311, 219.451, 0],
              "to": [-0.833, 0, 0],
              "ti": [-0.833, 0, 0]
            },
            {
              "i": { "x": 0.5, "y": 1 },
              "o": { "x": 0.5, "y": 0 },
              "t": 121,
              "s": [159.311, 219.451, 0],
              "to": [0.833, 0, 0],
              "ti": [-0.833, 0, 0]
            },
            {
              "i": { "x": 0.5, "y": 1 },
              "o": { "x": 0.5, "y": 0 },
              "t": 136,
              "s": [169.311, 219.451, 0],
              "to": [0.833, 0, 0],
              "ti": [0.833, 0, 0]
            },
            { "t": 150, "s": [164.311, 219.451, 0] }
          ],
          "ix": 2
        },
        "a": { "a": 0, "k": [133.931, 136.969, 0], "ix": 1 },
        "s": {
          "a": 1,
          "k": [
            {
              "i": { "x": [0.5, 0.5, 0.5], "y": [1, 1, 1] },
              "o": { "x": [0.5, 0.5, 0.5], "y": [0, 0, 0] },
              "t": 6.717,
              "s": [100, 100, 100]
            },
            {
              "i": { "x": [0.5, 0.5, 0.5], "y": [1, 1, 1] },
              "o": { "x": [0.5, 0.5, 0.5], "y": [0, 0, 0] },
              "t": 29.104,
              "s": [100, 30.5, 100]
            },
            { "t": 51.4921875, "s": [100, 100, 100] }
          ],
          "ix": 6
        }
      },
      "ao": 0,
      "shapes": [
        {
          "ty": "gr",
          "it": [
            {
              "ind": 0,
              "ty": "sh",
              "ix": 1,
              "ks": {
                "a": 0,
                "k": {
                  "i": [
                    [0, 0],
                    [0, 0],
                    [0, 0],
                    [0, 0]
                  ],
                  "o": [
                    [0, 0],
                    [0, 0],
                    [0, 0],
                    [0, 0]
                  ],
                  "v": [
                    [133.681, 68.359],
                    [-133.681, 68.359],
                    [-133.681, -68.359],
                    [133.681, -68.359]
                  ],
                  "c": true
                },
                "ix": 2
              },
              "nm": "Path 1",
              "mn": "ADBE Vector Shape - Group",
              "hd": false
            },
            {
              "ty": "fl",
              "c": {
                "a": 0,
                "k": [0.811764765721, 0.811764765721, 0.811764765721, 1],
                "ix": 4,
                "x": "var $bm_rt;\ntry {\n    $bm_rt = thisComp.layer('Controller').effect('Color 4')('ADBE Color Control-0001');\n} catch (e) {\n    $bm_rt = value;\n}"
              },
              "o": { "a": 0, "k": 100, "ix": 5 },
              "r": 1,
              "bm": 0,
              "nm": "Fill 1",
              "mn": "ADBE Vector Graphic - Fill",
              "hd": false
            },
            {
              "ty": "tr",
              "p": { "a": 0, "k": [133.931, 68.609], "ix": 2 },
              "a": { "a": 0, "k": [0, 0], "ix": 1 },
              "s": { "a": 0, "k": [100, 100], "ix": 3 },
              "r": { "a": 0, "k": 0, "ix": 6 },
              "o": { "a": 0, "k": 100, "ix": 7 },
              "sk": { "a": 0, "k": 0, "ix": 4 },
              "sa": { "a": 0, "k": 0, "ix": 5 },
              "nm": "Transform"
            }
          ],
          "nm": "Group 1",
          "np": 2,
          "cix": 2,
          "bm": 0,
          "ix": 1,
          "mn": "ADBE Vector Group",
          "hd": false
        }
      ],
      "ip": 0,
      "op": 150,
      "st": 0,
      "bm": 0
    },
    {
      "ddd": 0,
      "ind": 7,
      "ty": 4,
      "nm": "Folder Back",
      "sr": 1,
      "ks": {
        "o": { "a": 0, "k": 100, "ix": 11 },
        "r": {
          "a": 1,
          "k": [
            {
              "i": { "x": [0.5], "y": [1] },
              "o": { "x": [0.5], "y": [0] },
              "t": 106.344,
              "s": [0]
            },
            {
              "i": { "x": [0.5], "y": [1] },
              "o": { "x": [0.5], "y": [0] },
              "t": 120.896,
              "s": [-5]
            },
            {
              "i": { "x": [0.5], "y": [1] },
              "o": { "x": [0.5], "y": [0] },
              "t": 135.448,
              "s": [5]
            },
            { "t": 150, "s": [0] }
          ],
          "ix": 10
        },
        "p": {
          "a": 1,
          "k": [
            {
              "i": { "x": 0.5, "y": 1 },
              "o": { "x": 0.5, "y": 0 },
              "t": 106.344,
              "s": [250, 250, 0],
              "to": [-1.667, 0, 0],
              "ti": [-1.667, 0, 0]
            },
            {
              "i": { "x": 0.5, "y": 1 },
              "o": { "x": 0.5, "y": 0 },
              "t": 120.896,
              "s": [240, 250, 0],
              "to": [1.667, 0, 0],
              "ti": [-1.667, 0, 0]
            },
            {
              "i": { "x": 0.5, "y": 1 },
              "o": { "x": 0.5, "y": 0 },
              "t": 135.448,
              "s": [260, 250, 0],
              "to": [1.667, 0, 0],
              "ti": [1.667, 0, 0]
            },
            { "t": 150, "s": [250, 250, 0] }
          ],
          "ix": 2
        },
        "a": { "a": 0, "k": [175.25, 158.845, 0], "ix": 1 },
        "s": { "a": 0, "k": [100, 100, 100], "ix": 6 }
      },
      "ao": 0,
      "shapes": [
        {
          "ty": "gr",
          "it": [
            {
              "ind": 0,
              "ty": "sh",
              "ix": 1,
              "ks": {
                "a": 0,
                "k": {
                  "i": [
                    [0, 9.061],
                    [0, 0],
                    [-9.061, 0],
                    [0, 0],
                    [-5.164, -6.885],
                    [0, 0],
                    [-8.606, 0],
                    [0, 0],
                    [0, -9.061],
                    [0, 0],
                    [9.061, 0],
                    [0, 0]
                  ],
                  "o": [
                    [0, 0],
                    [0, -9.06],
                    [0, 0],
                    [8.606, 0],
                    [0, 0],
                    [5.164, 6.884],
                    [0, 0],
                    [9.061, 0],
                    [0, 0],
                    [0, 9.061],
                    [0, 0],
                    [-9.061, 0]
                  ],
                  "v": [
                    [-175, 142.188],
                    [-175, -142.189],
                    [-158.594, -158.594],
                    [-62.065, -158.594],
                    [-40.191, -147.658],
                    [-23.781, -125.779],
                    [-1.907, -114.844],
                    [158.594, -114.844],
                    [175, -98.436],
                    [175, 142.188],
                    [158.594, 158.594],
                    [-158.594, 158.594]
                  ],
                  "c": true
                },
                "ix": 2
              },
              "nm": "Path 1",
              "mn": "ADBE Vector Shape - Group",
              "hd": false
            },
            {
              "ty": "fl",
              "c": {
                "a": 0,
                "k": [0.898039275525, 0.588235294118, 0.298039215686, 1],
                "ix": 4,
                "x": "var $bm_rt;\ntry {\n    $bm_rt = thisComp.layer('Controller').effect('Color 5')('ADBE Color Control-0001');\n} catch (e) {\n    $bm_rt = value;\n}"
              },
              "o": { "a": 0, "k": 100, "ix": 5 },
              "r": 1,
              "bm": 0,
              "nm": "Fill 1",
              "mn": "ADBE Vector Graphic - Fill",
              "hd": false
            },
            {
              "ty": "tr",
              "p": { "a": 0, "k": [175.25, 158.845], "ix": 2 },
              "a": { "a": 0, "k": [0, 0], "ix": 1 },
              "s": { "a": 0, "k": [100, 100], "ix": 3 },
              "r": { "a": 0, "k": 0, "ix": 6 },
              "o": { "a": 0, "k": 100, "ix": 7 },
              "sk": { "a": 0, "k": 0, "ix": 4 },
              "sa": { "a": 0, "k": 0, "ix": 5 },
              "nm": "Transform"
            }
          ],
          "nm": "Group 1",
          "np": 2,
          "cix": 2,
          "bm": 0,
          "ix": 1,
          "mn": "ADBE Vector Group",
          "hd": false
        }
      ],
      "ip": 0,
      "op": 150,
      "st": 0,
      "bm": 0
    }
  ],
  "markers": []
}
