{
  "v": "5.5.7",
  "meta": { "g": "LottieFiles AE 0.1.20", "a": "", "k": "", "d": "", "tc": "" },
  "fr": 29.9700012207031,
  "ip": 0,
  "op": 45.0000018328876,
  "w": 800,
  "h": 600,
  "nm": "google-play",
  "ddd": 0,
  "assets": [],
  "layers": [
    {
      "ddd": 0,
      "ind": 1,
      "ty": 4,
      "nm": "pause 1- circle",
      "sr": 1,
      "ks": {
        "o": { "a": 0, "k": 100, "ix": 11 },
        "r": { "a": 0, "k": 0, "ix": 10 },
        "p": { "a": 0, "k": [303.445, 296.404, 0], "ix": 2 },
        "a": { "a": 0, "k": [-96.555, -3.596, 0], "ix": 1 },
        "s": { "a": 0, "k": [100, 100, 100], "ix": 6 }
      },
      "ao": 0,
      "shapes": [
        {
          "ty": "gr",
          "it": [
            {
              "ind": 0,
              "ty": "sh",
              "ix": 1,
              "ks": {
                "a": 0,
                "k": {
                  "i": [
                    [0, 0],
                    [-91.5, -3.5],
                    [1, 128],
                    [125, -2],
                    [-4, -102],
                    [-34.892, -43],
                    [-5.779, 57.5],
                    [0, 0]
                  ],
                  "o": [
                    [0, 0],
                    [143, -9],
                    [-1, -128],
                    [-156, 0],
                    [4.524, 54.5],
                    [23.637, 29.129],
                    [0, 2],
                    [0, 0]
                  ],
                  "v": [
                    [-102.986, 212.375],
                    [2.013, 236],
                    [239.026, -1],
                    [2.013, -237],
                    [-239.506, 3],
                    [-195.026, 133],
                    [-97.532, 94],
                    [-98.051, -98]
                  ],
                  "c": false
                },
                "ix": 2
              },
              "nm": "Path 1",
              "mn": "ADBE Vector Shape - Group",
              "hd": false
            },
            {
              "ty": "tm",
              "s": {
                "a": 1,
                "k": [
                  {
                    "i": { "x": [0.297], "y": [0.982] },
                    "o": { "x": [0.13], "y": [0.005] },
                    "t": 14,
                    "s": [0]
                  },
                  {
                    "i": { "x": [0.412], "y": [0.998] },
                    "o": { "x": [0.278], "y": [0.918] },
                    "t": 29.4,
                    "s": [80]
                  },
                  { "t": 39.0000015885026, "s": [89] }
                ],
                "ix": 1
              },
              "e": {
                "a": 1,
                "k": [
                  {
                    "i": { "x": [0.763], "y": [0.818] },
                    "o": { "x": [0.018], "y": [0.932] },
                    "t": 21.934,
                    "s": [0]
                  },
                  {
                    "i": { "x": [0.955], "y": [0.534] },
                    "o": { "x": [0.589], "y": [0.256] },
                    "t": 36,
                    "s": [88.8]
                  },
                  { "t": 37.0000015070409, "s": [100] }
                ],
                "ix": 2
              },
              "o": { "a": 0, "k": 0, "ix": 3 },
              "m": 1,
              "ix": 2,
              "nm": "Trim Paths 1",
              "mn": "ADBE Vector Filter - Trim",
              "hd": false
            },
            {
              "ty": "st",
              "c": {
                "a": 1,
                "k": [
                  {
                    "i": { "x": [0.833], "y": [0.833] },
                    "o": { "x": [0.167], "y": [0.167] },
                    "t": 14,
                    "s": [1, 0.878431379795, 0.40000000596, 1]
                  },
                  {
                    "t": 37.0000015070409,
                    "s": [0.949019610882, 0.372549027205, 0.360784322023, 1]
                  }
                ],
                "ix": 3
              },
              "o": { "a": 0, "k": 100, "ix": 4 },
              "w": { "a": 0, "k": 40, "ix": 5 },
              "lc": 2,
              "lj": 2,
              "bm": 0,
              "nm": "Stroke 1",
              "mn": "ADBE Vector Graphic - Stroke",
              "hd": false
            },
            {
              "ty": "tr",
              "p": { "a": 0, "k": [0, 0], "ix": 2 },
              "a": { "a": 0, "k": [0, 0], "ix": 1 },
              "s": { "a": 0, "k": [98.731, 100], "ix": 3 },
              "r": { "a": 0, "k": 0, "ix": 6 },
              "o": { "a": 0, "k": 100, "ix": 7 },
              "sk": { "a": 0, "k": 0, "ix": 4 },
              "sa": { "a": 0, "k": 0, "ix": 5 },
              "nm": "Transform"
            }
          ],
          "nm": "Shape 1",
          "np": 4,
          "cix": 2,
          "bm": 0,
          "ix": 1,
          "mn": "ADBE Vector Group",
          "hd": false
        }
      ],
      "ip": 0,
      "op": 150.000006109625,
      "st": 0,
      "bm": 0
    },
    {
      "ddd": 0,
      "ind": 2,
      "ty": 4,
      "nm": "pause2",
      "sr": 1,
      "ks": {
        "o": { "a": 0, "k": 100, "ix": 11 },
        "r": { "a": 0, "k": 0, "ix": 10 },
        "p": { "a": 0, "k": [483, 295.5, 0], "ix": 2 },
        "a": { "a": 0, "k": [-102, -3.5, 0], "ix": 1 },
        "s": { "a": 0, "k": [100, 95.939, 100], "ix": 6 }
      },
      "ao": 0,
      "shapes": [
        {
          "ty": "gr",
          "it": [
            {
              "ind": 0,
              "ty": "sh",
              "ix": 1,
              "ks": {
                "a": 0,
                "k": {
                  "i": [
                    [0, 0],
                    [0, 0]
                  ],
                  "o": [
                    [0, 0],
                    [0, 0]
                  ],
                  "v": [
                    [-102, -102],
                    [-102, 95]
                  ],
                  "c": false
                },
                "ix": 2
              },
              "nm": "Path 1",
              "mn": "ADBE Vector Shape - Group",
              "hd": false
            },
            {
              "ty": "st",
              "c": {
                "a": 0,
                "k": [0.949019607843, 0.372549019608, 0.360784313725, 1],
                "ix": 3
              },
              "o": { "a": 0, "k": 100, "ix": 4 },
              "w": { "a": 0, "k": 40, "ix": 5 },
              "lc": 2,
              "lj": 1,
              "ml": 4,
              "bm": 0,
              "nm": "Stroke 1",
              "mn": "ADBE Vector Graphic - Stroke",
              "hd": false
            },
            {
              "ty": "tr",
              "p": { "a": 0, "k": [0, 0], "ix": 2 },
              "a": { "a": 0, "k": [0, 0], "ix": 1 },
              "s": { "a": 0, "k": [100, 100], "ix": 3 },
              "r": { "a": 0, "k": 0, "ix": 6 },
              "o": { "a": 0, "k": 100, "ix": 7 },
              "sk": { "a": 0, "k": 0, "ix": 4 },
              "sa": { "a": 0, "k": 0, "ix": 5 },
              "nm": "Transform"
            }
          ],
          "nm": "Shape 1",
          "np": 3,
          "cix": 2,
          "bm": 0,
          "ix": 1,
          "mn": "ADBE Vector Group",
          "hd": false
        },
        {
          "ty": "tm",
          "s": {
            "a": 1,
            "k": [
              {
                "i": { "x": [0.885], "y": [0.407] },
                "o": { "x": [0.094], "y": [0.562] },
                "t": 35.8,
                "s": [100]
              },
              { "t": 39.0000015885026, "s": [0] }
            ],
            "ix": 1
          },
          "e": { "a": 0, "k": 100, "ix": 2 },
          "o": { "a": 0, "k": 0, "ix": 3 },
          "m": 1,
          "ix": 2,
          "nm": "Trim Paths 1",
          "mn": "ADBE Vector Filter - Trim",
          "hd": false
        }
      ],
      "ip": 0,
      "op": 150.000006109625,
      "st": 0,
      "bm": 0
    },
    {
      "ddd": 0,
      "ind": 3,
      "ty": 4,
      "nm": "play",
      "sr": 1,
      "ks": {
        "o": { "a": 0, "k": 100, "ix": 11 },
        "r": { "a": 0, "k": 0, "ix": 10 },
        "p": { "a": 0, "k": [366, 300, 0], "ix": 2 },
        "a": { "a": 0, "k": [0, 0, 0], "ix": 1 },
        "s": { "a": 0, "k": [100, 100, 100], "ix": 6 }
      },
      "ao": 0,
      "shapes": [
        {
          "ty": "gr",
          "it": [
            {
              "ind": 0,
              "ty": "sh",
              "ix": 1,
              "ks": {
                "a": 0,
                "k": {
                  "i": [
                    [0, 0],
                    [0, 0],
                    [0, 0],
                    [0, 0],
                    [0, 0]
                  ],
                  "o": [
                    [0, 0],
                    [0, 0],
                    [0, 0],
                    [0, 0],
                    [0, 0]
                  ],
                  "v": [
                    [88.653, 32.19],
                    [149.148, -13.972],
                    [-67.852, -139.972],
                    [-69.852, 122.028],
                    [-11.08, 92.564]
                  ],
                  "c": false
                },
                "ix": 2
              },
              "nm": "Path 1",
              "mn": "ADBE Vector Shape - Group",
              "hd": false
            },
            {
              "ty": "st",
              "c": {
                "a": 0,
                "k": [0.439215686275, 0.756862745098, 0.701960784314, 1],
                "ix": 3
              },
              "o": { "a": 0, "k": 100, "ix": 4 },
              "w": { "a": 0, "k": 51, "ix": 5 },
              "lc": 2,
              "lj": 2,
              "bm": 0,
              "nm": "Stroke 1",
              "mn": "ADBE Vector Graphic - Stroke",
              "hd": false
            },
            {
              "ty": "tr",
              "p": { "a": 0, "k": [0, 0], "ix": 2 },
              "a": { "a": 0, "k": [0, 0], "ix": 1 },
              "s": { "a": 0, "k": [92.56, 87.746], "ix": 3 },
              "r": { "a": 0, "k": 0, "ix": 6 },
              "o": { "a": 0, "k": 100, "ix": 7 },
              "sk": { "a": 0, "k": 0, "ix": 4 },
              "sa": { "a": 0, "k": 0, "ix": 5 },
              "nm": "Transform"
            }
          ],
          "nm": "Shape 1",
          "np": 3,
          "cix": 2,
          "bm": 0,
          "ix": 1,
          "mn": "ADBE Vector Group",
          "hd": false
        },
        {
          "ty": "tm",
          "s": {
            "a": 1,
            "k": [
              {
                "i": { "x": [0.742], "y": [0.998] },
                "o": { "x": [1], "y": [0.012] },
                "t": 4,
                "s": [0]
              },
              { "t": 15.5337506327026, "s": [100] }
            ],
            "ix": 1
          },
          "e": { "a": 0, "k": 100, "ix": 2 },
          "o": { "a": 0, "k": 0, "ix": 3 },
          "m": 1,
          "ix": 2,
          "nm": "Trim Paths 1",
          "mn": "ADBE Vector Filter - Trim",
          "hd": false
        }
      ],
      "ip": 0,
      "op": 150.000006109625,
      "st": 0,
      "bm": 0
    },
    {
      "ddd": 0,
      "ind": 4,
      "ty": 1,
      "nm": "White Solid 1",
      "sr": 1,
      "ks": {
        "o": { "a": 0, "k": 100, "ix": 11 },
        "r": { "a": 0, "k": 0, "ix": 10 },
        "p": { "a": 0, "k": [400, 300, 0], "ix": 2 },
        "a": { "a": 0, "k": [400, 300, 0], "ix": 1 },
        "s": { "a": 0, "k": [100, 100, 100], "ix": 6 }
      },
      "ao": 0,
      "sw": 800,
      "sh": 600,
      "sc": "#ffffff00",
      "ip": 0,
      "op": 150.000006109625,
      "st": 0,
      "bm": 0
    }
  ],
  "markers": []
}
