{
  "project_info": {
    "project_number": "651311602531",
    "project_id": "harmonize-space",
    "storage_bucket": "harmonize-space.appspot.com"
  },
  "client": [
    {
      "client_info": {
        "mobilesdk_app_id": "1:651311602531:android:bd2edb7c8d333359249156",
        "android_client_info": {
          "package_name": "com.example.harmonizespace"
        }
      },
      "oauth_client": [
        {
          "client_id": "651311602531-bh58lm8gj8ka69rrl3f6l9d6ugccm7bj.apps.googleusercontent.com",
          "client_type": 3
        }
      ],
      "api_key": [
        {
          "current_key": "AIzaSyCB2WGFX4t_MOkszvL8QKIq48qQ43LTQ0o"
        }
      ],
      "services": {
        "appinvite_service": {
          "other_platform_oauth_client": [
            {
              "client_id": "651311602531-bh58lm8gj8ka69rrl3f6l9d6ugccm7bj.apps.googleusercontent.com",
              "client_type": 3
            }
          ]
        }
      }
    }
  ],
  "configuration_version": "1"
}